{"cameraMode":{"drawMode":0,"name":"Shaded","section":"Shading Mode"},"sceneLighting":false,"audioPlay":false,"sceneViewState":{"m_AlwaysRefresh":false,"showFog":true,"showSkybox":true,"showFlares":true,"showImageEffects":true,"showParticleSystems":true,"showVisualEffectGraphs":true,"m_FxEnabled":true},"in2DMode":false,"pivot":{"x":1.1736558675765992,"y":3.464752197265625,"z":-4.433144569396973},"rotation":{"x":-0.00046996536548249424,"y":-0.9945679306983948,"z":0.004476034548133612,"w":-0.10419932007789612},"size":3.557738780975342,"orthographic":false}