{"cameraMode":{"drawMode":0,"name":"Shaded","section":"Shading Mode"},"sceneLighting":false,"audioPlay":false,"sceneViewState":{"m_AlwaysRefresh":false,"showFog":true,"showSkybox":true,"showFlares":true,"showImageEffects":true,"showParticleSystems":true,"showVisualEffectGraphs":true,"m_FxEnabled":true},"in2DMode":false,"pivot":{"x":0.5976751446723938,"y":1.728417158126831,"z":-3.2314181327819826},"rotation":{"x":0.021593589335680009,"y":0.9699583649635315,"z":-0.22353173792362214,"w":0.09369205683469773},"size":4.214598655700684,"orthographic":false}