{"cameraMode":{"drawMode":0,"name":"Shaded","section":"Shading Mode"},"sceneLighting":false,"audioPlay":false,"sceneViewState":{"m_AlwaysRefresh":false,"showFog":true,"showSkybox":true,"showFlares":true,"showImageEffects":true,"showParticleSystems":true,"showVisualEffectGraphs":true,"m_FxEnabled":true},"in2DMode":false,"pivot":{"x":1.116458773612976,"y":0.1510329246520996,"z":-0.9533599615097046},"rotation":{"x":0.003762704087421298,"y":-0.9858941435813904,"z":0.16600129008293153,"w":0.024941977113485338},"size":4.493135452270508,"orthographic":false}