{"cameraMode":{"drawMode":0,"name":"Shaded","section":"Shading Mode"},"sceneLighting":false,"audioPlay":false,"sceneViewState":{"m_AlwaysRefresh":false,"showFog":true,"showSkybox":true,"showFlares":true,"showImageEffects":true,"showParticleSystems":true,"showVisualEffectGraphs":true,"m_FxEnabled":true},"in2DMode":false,"pivot":{"x":-1.2740073204040528,"y":1.2063641548156739,"z":10.973548889160157},"rotation":{"x":0.08662678301334381,"y":-0.0776263177394867,"z":0.0067739482037723068,"w":0.9931938052177429},"size":8.675384521484375,"orthographic":false}