{"cameraMode":{"drawMode":0,"name":"Shaded","section":"Shading Mode"},"sceneLighting":false,"audioPlay":false,"sceneViewState":{"m_AlwaysRefresh":false,"showFog":true,"showSkybox":true,"showFlares":true,"showImageEffects":true,"showParticleSystems":true,"showVisualEffectGraphs":true,"m_FxEnabled":true},"in2DMode":false,"pivot":{"x":0.04176795482635498,"y":2.6030380725860597,"z":-1.0030955076217652},"rotation":{"x":-0.01557820476591587,"y":-0.9799237251281738,"z":0.17983530461788178,"w":-0.08486384153366089},"size":2.1202497482299806,"orthographic":false}