{"cameraMode":{"drawMode":0,"name":"Shaded","section":"Shading Mode"},"sceneLighting":true,"audioPlay":false,"sceneViewState":{"m_AlwaysRefresh":false,"showFog":true,"showSkybox":true,"showFlares":true,"showImageEffects":true,"showParticleSystems":true,"showVisualEffectGraphs":true,"m_FxEnabled":true},"in2DMode":false,"pivot":{"x":-0.3671952784061432,"y":4.636867523193359,"z":3.9845333099365236},"rotation":{"x":0.002359977923333645,"y":0.9975814819335938,"z":-0.04342219978570938,"w":0.05421791225671768},"size":1.3848739862442017,"orthographic":false}