{"cameraMode":{"drawMode":0,"name":"Shaded","section":"Shading Mode"},"sceneLighting":false,"audioPlay":false,"sceneViewState":{"m_AlwaysRefresh":false,"showFog":true,"showSkybox":true,"showFlares":true,"showImageEffects":true,"showParticleSystems":true,"showVisualEffectGraphs":true,"m_FxEnabled":true},"in2DMode":false,"pivot":{"x":-0.01860019564628601,"y":2.858994960784912,"z":-0.010526418685913086},"rotation":{"x":-0.029975345358252527,"y":-0.15830112993717194,"z":0.00443029310554266,"w":-0.9870109558105469},"size":3.291564464569092,"orthographic":false}