{"cameraMode":{"drawMode":0,"name":"Shaded","section":"Shading Mode"},"sceneLighting":false,"audioPlay":false,"sceneViewState":{"m_AlwaysRefresh":false,"showFog":true,"showSkybox":true,"showFlares":true,"showImageEffects":true,"showParticleSystems":true,"showVisualEffectGraphs":true,"m_FxEnabled":true},"in2DMode":false,"pivot":{"x":0.6579888463020325,"y":2.8660078048706056,"z":0.15130507946014405},"rotation":{"x":0.01843283511698246,"y":-0.9682987332344055,"z":0.2373017817735672,"w":0.07697030901908875},"size":0.7323541641235352,"orthographic":false}