{"cameraMode":{"drawMode":0,"name":"Shaded","section":"Shading Mode"},"sceneLighting":true,"audioPlay":false,"sceneViewState":{"m_AlwaysRefresh":false,"showFog":true,"showSkybox":true,"showFlares":true,"showImageEffects":true,"showParticleSystems":true,"showVisualEffectGraphs":true,"m_FxEnabled":true},"in2DMode":false,"pivot":{"x":-0.2033046931028366,"y":4.311999797821045,"z":0.3103518486022949},"rotation":{"x":0.08769078552722931,"y":0.6758657097816467,"z":-0.08149509876966477,"w":0.7272450923919678},"size":3.802513599395752,"orthographic":false}