{"cameraMode":{"drawMode":0,"name":"Shaded","section":"Shading Mode"},"sceneLighting":false,"audioPlay":false,"sceneViewState":{"m_AlwaysRefresh":false,"showFog":true,"showSkybox":true,"showFlares":true,"showImageEffects":true,"showParticleSystems":true,"showVisualEffectGraphs":true,"m_FxEnabled":true},"in2DMode":false,"pivot":{"x":1.1607334613800049,"y":2.483668565750122,"z":-0.9120321869850159},"rotation":{"x":0.08159151673316956,"y":0.9084621071815491,"z":-0.21079406142234803,"w":0.3516218960285187},"size":1.6930381059646607,"orthographic":false}