{"cameraMode":{"drawMode":0,"name":"Shaded","section":"Shading Mode"},"sceneLighting":false,"audioPlay":false,"sceneViewState":{"m_AlwaysRefresh":false,"showFog":true,"showSkybox":true,"showFlares":true,"showImageEffects":true,"showParticleSystems":true,"showVisualEffectGraphs":true,"m_FxEnabled":true},"in2DMode":false,"pivot":{"x":0.40878063440322878,"y":3.234973430633545,"z":2.2010042667388918},"rotation":{"x":-0.029975345358252527,"y":-0.15830112993717194,"z":0.00443029310554266,"w":-0.9870109558105469},"size":0.846240758895874,"orthographic":false}