{"cameraMode":{"drawMode":0,"name":"Shaded","section":"Shading Mode"},"sceneLighting":false,"audioPlay":false,"sceneViewState":{"m_AlwaysRefresh":false,"showFog":true,"showSkybox":true,"showFlares":true,"showImageEffects":true,"showParticleSystems":true,"showVisualEffectGraphs":true,"m_FxEnabled":true},"in2DMode":false,"pivot":{"x":0.2550889551639557,"y":2.612412691116333,"z":-2.1732821464538576},"rotation":{"x":0.003762704087421298,"y":-0.9858941435813904,"z":0.16600129008293153,"w":0.024941977113485338},"size":2.5524368286132814,"orthographic":false}