{"cameraMode":{"drawMode":0,"name":"Shaded","section":"Shading Mode"},"sceneLighting":false,"audioPlay":false,"sceneViewState":{"m_AlwaysRefresh":false,"showFog":true,"showSkybox":true,"showFlares":true,"showImageEffects":true,"showParticleSystems":true,"showVisualEffectGraphs":true,"m_FxEnabled":true},"in2DMode":false,"pivot":{"x":0.6402761340141296,"y":2.4288582801818849,"z":4.036871433258057},"rotation":{"x":0.23395535349845887,"y":0.13511663675308228,"z":-0.032845545560121539,"w":0.9622695446014404},"size":4.291329383850098,"orthographic":false}