{"cameraMode":{"drawMode":0,"name":"Shaded","section":"Shading Mode"},"sceneLighting":true,"audioPlay":false,"sceneViewState":{"m_AlwaysRefresh":false,"showFog":true,"showSkybox":true,"showFlares":true,"showImageEffects":true,"showParticleSystems":true,"showVisualEffectGraphs":true,"m_FxEnabled":true},"in2DMode":false,"pivot":{"x":2.0015833377838136,"y":2.7174699306488039,"z":6.378593921661377},"rotation":{"x":-0.022569997236132623,"y":-0.9766635298728943,"z":0.1299809217453003,"w":-0.16955460608005525},"size":0.12041677534580231,"orthographic":false}