{"cameraMode":{"drawMode":0,"name":"Shaded","section":"Shading Mode"},"sceneLighting":true,"audioPlay":false,"sceneViewState":{"m_AlwaysRefresh":false,"showFog":true,"showSkybox":true,"showFlares":true,"showImageEffects":true,"showParticleSystems":true,"showVisualEffectGraphs":true,"m_FxEnabled":true},"in2DMode":false,"pivot":{"x":-1.1584067344665528,"y":1.4306780099868775,"z":1.8931118249893189},"rotation":{"x":0.0364055372774601,"y":0.961884081363678,"z":-0.16016706824302674,"w":0.2186337113380432},"size":18.852519989013673,"orthographic":false}