{"cameraMode":{"drawMode":0,"name":"Shaded","section":"Shading Mode"},"sceneLighting":false,"audioPlay":false,"sceneViewState":{"m_AlwaysRefresh":false,"showFog":true,"showSkybox":true,"showFlares":true,"showImageEffects":true,"showParticleSystems":true,"showVisualEffectGraphs":true,"m_FxEnabled":true},"in2DMode":false,"pivot":{"x":-0.3796374797821045,"y":1.9373445510864258,"z":-4.617366313934326},"rotation":{"x":0.003726064460352063,"y":-0.9888672828674316,"z":0.14673542976379395,"w":0.027971088886260988},"size":2.9052209854125978,"orthographic":false}