{"cameraMode":{"drawMode":0,"name":"Shaded","section":"Shading Mode"},"sceneLighting":false,"audioPlay":false,"sceneViewState":{"m_AlwaysRefresh":false,"showFog":true,"showSkybox":true,"showFlares":true,"showImageEffects":true,"showParticleSystems":true,"showVisualEffectGraphs":true,"m_FxEnabled":true},"in2DMode":false,"pivot":{"x":0.24653171002864839,"y":2.7438981533050539,"z":0.07586303353309632},"rotation":{"x":0.15436100959777833,"y":-0.7354458570480347,"z":0.17925526201725007,"w":0.6350836753845215},"size":0.39657771587371828,"orthographic":false}