{"cameraMode":{"drawMode":0,"name":"Shaded","section":"Shading Mode"},"sceneLighting":false,"audioPlay":false,"sceneViewState":{"m_AlwaysRefresh":false,"showFog":true,"showSkybox":true,"showFlares":true,"showImageEffects":true,"showParticleSystems":true,"showVisualEffectGraphs":true,"m_FxEnabled":true},"in2DMode":false,"pivot":{"x":-0.03506293147802353,"y":3.3045215606689455,"z":0.24275213479995728},"rotation":{"x":-0.00013627579028252512,"y":0.9926519393920898,"z":-0.12120475620031357,"w":-0.0011971134226769209},"size":9.741016387939454,"orthographic":false}