{"cameraMode":{"drawMode":0,"name":"Shaded","section":"Shading Mode"},"sceneLighting":false,"audioPlay":false,"sceneViewState":{"m_AlwaysRefresh":false,"showFog":true,"showSkybox":true,"showFlares":true,"showImageEffects":true,"showParticleSystems":true,"showVisualEffectGraphs":true,"m_FxEnabled":true},"in2DMode":false,"pivot":{"x":0.7216856479644775,"y":3.2617926597595217,"z":0.7041319012641907},"rotation":{"x":-0.036116961389780048,"y":-0.6826105117797852,"z":-0.0333859845995903,"w":0.7292196750640869},"size":0.6210154294967651,"orthographic":false}