{"cameraMode":{"drawMode":0,"name":"Shaded","section":"Shading Mode"},"sceneLighting":false,"audioPlay":false,"sceneViewState":{"m_AlwaysRefresh":false,"showFog":true,"showSkybox":true,"showFlares":true,"showImageEffects":true,"showParticleSystems":true,"showVisualEffectGraphs":true,"m_FxEnabled":true},"in2DMode":false,"pivot":{"x":1.0052090883255005,"y":3.121006965637207,"z":-1.0347601175308228},"rotation":{"x":-0.01557820476591587,"y":-0.9799237251281738,"z":0.17983530461788178,"w":-0.08486384153366089},"size":3.5123398303985597,"orthographic":false}