{"cameraMode":{"drawMode":0,"name":"Shaded","section":"Shading Mode"},"sceneLighting":false,"audioPlay":false,"sceneViewState":{"m_AlwaysRefresh":false,"showFog":true,"showSkybox":true,"showFlares":true,"showImageEffects":true,"showParticleSystems":true,"showVisualEffectGraphs":true,"m_FxEnabled":true},"in2DMode":false,"pivot":{"x":0.9365264177322388,"y":1.487718105316162,"z":-3.045969009399414},"rotation":{"x":0.021593589335680009,"y":0.9699583649635315,"z":-0.22353173792362214,"w":0.09369205683469773},"size":2.9999077320098879,"orthographic":false}