{"cameraMode":{"drawMode":0,"name":"Shaded","section":"Shading Mode"},"sceneLighting":false,"audioPlay":false,"sceneViewState":{"m_AlwaysRefresh":false,"showFog":true,"showSkybox":true,"showFlares":true,"showImageEffects":true,"showParticleSystems":true,"showVisualEffectGraphs":true,"m_FxEnabled":true},"in2DMode":false,"pivot":{"x":-2.258975028991699,"y":11.602063179016114,"z":-0.7895851135253906},"rotation":{"x":-0.0014964701840654016,"y":0.04948209971189499,"z":0.00010009009565692395,"w":0.9988008737564087},"size":16.482431411743165,"orthographic":false}