{"cameraMode":{"drawMode":0,"name":"Shaded","section":"Shading Mode"},"sceneLighting":false,"audioPlay":false,"sceneViewState":{"m_AlwaysRefresh":false,"showFog":true,"showSkybox":true,"showFlares":true,"showImageEffects":true,"showParticleSystems":true,"showVisualEffectGraphs":true,"m_FxEnabled":true},"in2DMode":false,"pivot":{"x":-1.0752348899841309,"y":3.1365575790405275,"z":-6.884479522705078},"rotation":{"x":0.002283729612827301,"y":-0.9966455101966858,"z":0.03622664511203766,"w":0.074619822204113},"size":4.6599345207214359,"orthographic":false}